{"rt_q1":0.29238187,"rt_q2":0.4539546,"n_session":354.0,"n_early":118.0,"n_normal":118.0,"n_late":118.0}