{"rt_q1":0.23261007,"rt_q2":0.34626537,"n_session":304.0,"n_early":102.0,"n_normal":101.0,"n_late":101.0}